MSOA11CD,MSOA11NM,Local authority,total_population_mid_2018,over_70_prop
E02000001,City of London 001,City of London,8706,0.123592924
E02000002,Barking and Dagenham 001,Barking and Dagenham,7720,0.10388601
E02000003,Barking and Dagenham 002,Barking and Dagenham,11051,0.085965071
E02000004,Barking and Dagenham 003,Barking and Dagenham,6586,0.124658366
E02000005,Barking and Dagenham 004,Barking and Dagenham,10229,0.066282139
E02000007,Barking and Dagenham 006,Barking and Dagenham,10123,0.0807073
E02000008,Barking and Dagenham 007,Barking and Dagenham,12635,0.072497032
E02000009,Barking and Dagenham 008,Barking and Dagenham,11592,0.047532781
E02000010,Barking and Dagenham 009,Barking and Dagenham,9197,0.064586278
E02000011,Barking and Dagenham 010,Barking and Dagenham,6983,0.092080768
E02000012,Barking and Dagenham 011,Barking and Dagenham,11290,0.076173605
E02000013,Barking and Dagenham 012,Barking and Dagenham,8899,0.063265535
E02000014,Barking and Dagenham 013,Barking and Dagenham,10016,0.073981629
E02000015,Barking and Dagenham 014,Barking and Dagenham,8069,0.064939893
E02000016,Barking and Dagenham 015,Barking and Dagenham,9944,0.021520515
E02000017,Barking and Dagenham 016,Barking and Dagenham,9331,0.059050477
E02000018,Barking and Dagenham 017,Barking and Dagenham,9789,0.056491981
E02000019,Barking and Dagenham 018,Barking and Dagenham,9148,0.060668999
E02000020,Barking and Dagenham 019,Barking and Dagenham,13015,0.054936612
E02000021,Barking and Dagenham 020,Barking and Dagenham,8970,0.068896321
E02000022,Barking and Dagenham 021,Barking and Dagenham,8354,0.029087862
E02000023,Barking and Dagenham 022,Barking and Dagenham,7985,0.032936756
E02000024,Barnet 001,Barnet,10988,0.147524572
E02000025,Barnet 002,Barnet,8451,0.1199858
E02000026,Barnet 003,Barnet,6629,0.137124755
E02000027,Barnet 004,Barnet,9753,0.111452886
E02000028,Barnet 005,Barnet,6693,0.117734947
E02000029,Barnet 006,Barnet,9382,0.09166489
E02000030,Barnet 007,Barnet,9288,0.168281654
E02000031,Barnet 008,Barnet,7728,0.156573499
E02000032,Barnet 009,Barnet,7883,0.134466574
E02000033,Barnet 010,Barnet,8919,0.107747505
E02000034,Barnet 011,Barnet,9276,0.119987063
E02000035,Barnet 012,Barnet,9003,0.125402644
E02000036,Barnet 013,Barnet,11577,0.103826553
E02000037,Barnet 014,Barnet,10378,0.117074581
E02000038,Barnet 015,Barnet,11532,0.09356573
E02000039,Barnet 016,Barnet,7268,0.115850303
E02000040,Barnet 017,Barnet,8200,0.109268293
E02000041,Barnet 018,Barnet,9971,0.106709457
E02000042,Barnet 019,Barnet,12149,0.10181908
E02000043,Barnet 020,Barnet,8195,0.111897498
E02000044,Barnet 021,Barnet,8874,0.070655849
E02000045,Barnet 022,Barnet,10908,0.075907591
E02000046,Barnet 023,Barnet,7582,0.090873121
E02000047,Barnet 024,Barnet,12398,0.074205517
E02000048,Barnet 025,Barnet,10645,0.120338187
E02000049,Barnet 026,Barnet,9292,0.052195437
E02000050,Barnet 027,Barnet,10905,0.095827602
E02000051,Barnet 028,Barnet,9686,0.141647739
E02000052,Barnet 029,Barnet,10586,0.089835632
E02000053,Barnet 030,Barnet,15643,0.046474461
E02000054,Barnet 031,Barnet,7616,0.081144958
E02000055,Barnet 032,Barnet,11861,0.093246775
E02000056,Barnet 033,Barnet,9357,0.141177728
E02000057,Barnet 034,Barnet,8147,0.082116116
E02000058,Barnet 035,Barnet,10949,0.128230889
E02000059,Barnet 036,Barnet,11658,0.078229542
E02000060,Barnet 037,Barnet,12358,0.096536656
E02000061,Barnet 038,Barnet,8980,0.104454343
E02000062,Barnet 039,Barnet,6826,0.061968942
E02000063,Barnet 040,Barnet,7755,0.083558994
E02000064,Barnet 041,Barnet,6851,0.084075317
E02000065,Bexley 001,Bexley,8992,0.049710854
E02000066,Bexley 002,Bexley,10069,0.076075082
E02000067,Bexley 003,Bexley,10267,0.074607967
E02000068,Bexley 004,Bexley,8162,0.066650331
E02000069,Bexley 005,Bexley,6756,0.124777975
E02000070,Bexley 006,Bexley,8064,0.142237103
E02000071,Bexley 007,Bexley,7658,0.100026116
E02000072,Bexley 008,Bexley,12851,0.059139367
E02000073,Bexley 009,Bexley,10922,0.140358909
E02000074,Bexley 010,Bexley,8527,0.102263399
E02000075,Bexley 011,Bexley,8261,0.17140782
E02000077,Bexley 013,Bexley,8241,0.120131052
E02000078,Bexley 014,Bexley,7913,0.141412865
E02000079,Bexley 015,Bexley,8660,0.153464203
E02000080,Bexley 016,Bexley,10174,0.124827993
E02000081,Bexley 017,Bexley,8037,0.15304218
E02000082,Bexley 018,Bexley,9211,0.122570839
E02000083,Bexley 019,Bexley,11420,0.100788091
E02000084,Bexley 020,Bexley,11027,0.135939059
E02000085,Bexley 021,Bexley,8004,0.126811594
E02000086,Bexley 022,Bexley,7314,0.137544435
E02000087,Bexley 023,Bexley,8059,0.166025561
E02000088,Bexley 024,Bexley,7794,0.147677701
E02000089,Bexley 025,Bexley,7908,0.151997977
E02000090,Bexley 026,Bexley,9542,0.153846154
E02000091,Bexley 027,Bexley,9966,0.180212723
E02000092,Bexley 028,Bexley,6794,0.116131881
E02000093,Brent 001,Brent,11147,0.101551987
E02000094,Brent 002,Brent,9183,0.093760209
E02000095,Brent 003,Brent,9994,0.118471083
E02000096,Brent 004,Brent,7475,0.161204013
E02000097,Brent 005,Brent,9097,0.098603935
E02000098,Brent 006,Brent,8437,0.103591324
E02000099,Brent 007,Brent,8941,0.087685941
E02000100,Brent 008,Brent,8813,0.115397708
E02000101,Brent 009,Brent,9598,0.099291519
E02000102,Brent 010,Brent,7514,0.078387011
E02000103,Brent 011,Brent,9217,0.095367256
E02000104,Brent 012,Brent,7281,0.125120176
E02000105,Brent 013,Brent,9726,0.080403043
E02000106,Brent 014,Brent,10652,0.073695081
E02000107,Brent 015,Brent,11533,0.07075349
E02000108,Brent 016,Brent,6654,0.088518185
E02000109,Brent 017,Brent,12893,0.069960444
E02000110,Brent 018,Brent,8622,0.079563906
E02000111,Brent 019,Brent,10798,0.078625671
E02000112,Brent 020,Brent,10492,0.076343881
E02000113,Brent 021,Brent,9815,0.068874172
E02000114,Brent 022,Brent,10150,0.065320197
E02000115,Brent 023,Brent,8811,0.081262059
E02000116,Brent 024,Brent,9386,0.052844662
E02000117,Brent 025,Brent,13026,0.073929065
E02000118,Brent 026,Brent,10342,0.07464707
E02000119,Brent 027,Brent,9000,0.068777778
E02000120,Brent 028,Brent,9217,0.071172833
E02000121,Brent 029,Brent,10763,0.074979095
E02000122,Brent 030,Brent,7812,0.104326677
E02000123,Brent 031,Brent,15904,0.05306841
E02000124,Brent 032,Brent,10126,0.075943117
E02000125,Brent 033,Brent,10452,0.085629545
E02000126,Brent 034,Brent,7924,0.071933367
E02000127,Bromley 001,Bromley,9451,0.092053751
E02000128,Bromley 002,Bromley,7804,0.12942081
E02000130,Bromley 004,Bromley,8626,0.084511941
E02000131,Bromley 005,Bromley,10531,0.045579717
E02000132,Bromley 006,Bromley,10185,0.101030928
E02000133,Bromley 007,Bromley,10607,0.161968511
E02000134,Bromley 008,Bromley,11939,0.090124801
E02000135,Bromley 009,Bromley,10537,0.063775268
E02000136,Bromley 010,Bromley,5755,0.172545613
E02000137,Bromley 011,Bromley,8491,0.151218938
E02000138,Bromley 012,Bromley,8572,0.183504433
E02000139,Bromley 013,Bromley,7852,0.085328579
E02000140,Bromley 014,Bromley,8749,0.091096125
E02000141,Bromley 015,Bromley,7439,0.080118295
E02000142,Bromley 016,Bromley,8840,0.124886878
E02000144,Bromley 018,Bromley,9871,0.105257826
E02000145,Bromley 019,Bromley,9173,0.088520658
E02000146,Bromley 020,Bromley,9516,0.114123581
E02000147,Bromley 021,Bromley,8293,0.149764862
E02000148,Bromley 022,Bromley,6740,0.158160237
E02000149,Bromley 023,Bromley,8111,0.11367279
E02000150,Bromley 024,Bromley,8667,0.119072343
E02000151,Bromley 025,Bromley,7655,0.166557805
E02000152,Bromley 026,Bromley,7927,0.100290148
E02000153,Bromley 027,Bromley,7913,0.137495261
E02000154,Bromley 028,Bromley,8509,0.142672464
E02000155,Bromley 029,Bromley,6973,0.189731823
E02000156,Bromley 030,Bromley,12239,0.174033826
E02000157,Bromley 031,Bromley,8262,0.180827887
E02000158,Bromley 032,Bromley,7825,0.159361022
E02000159,Bromley 033,Bromley,6962,0.175237001
E02000160,Bromley 034,Bromley,8038,0.153894003
E02000161,Bromley 035,Bromley,8808,0.141689373
E02000162,Bromley 036,Bromley,6990,0.203433476
E02000163,Bromley 037,Bromley,7764,0.166409067
E02000165,Bromley 039,Bromley,6984,0.113402062
E02000166,Camden 001,Camden,9092,0.136053674
E02000167,Camden 002,Camden,9437,0.145597118
E02000168,Camden 003,Camden,9501,0.09314809
E02000169,Camden 004,Camden,9199,0.121752364
E02000170,Camden 005,Camden,9690,0.081630547
E02000171,Camden 006,Camden,9464,0.094040575
E02000172,Camden 007,Camden,12101,0.079001735
E02000173,Camden 008,Camden,9893,0.089052866
E02000174,Camden 009,Camden,10236,0.067702227
E02000175,Camden 010,Camden,11240,0.062811388
E02000176,Camden 011,Camden,7654,0.102430102
E02000177,Camden 012,Camden,10464,0.096712538
E02000178,Camden 013,Camden,10424,0.062356101
E02000179,Camden 014,Camden,7577,0.106110598
E02000180,Camden 015,Camden,9764,0.061347808
E02000181,Camden 016,Camden,9139,0.07254623
E02000182,Camden 017,Camden,8675,0.101325648
E02000183,Camden 018,Camden,8612,0.110775662
E02000184,Camden 019,Camden,10251,0.053750854
E02000185,Camden 020,Camden,9954,0.095639944
E02000186,Camden 021,Camden,8180,0.07603912
E02000187,Camden 022,Camden,11091,0.064556848
E02000188,Camden 023,Camden,8883,0.064505235
E02000189,Camden 024,Camden,7083,0.055626147
E02000190,Camden 025,Camden,8540,0.073653396
E02000191,Camden 026,Camden,8703,0.05297024
E02000192,Camden 027,Camden,8784,0.070924408
E02000193,Camden 028,Camden,8595,0.084700407
E02000194,Croydon 001,Croydon,9410,0.077258236
E02000195,Croydon 002,Croydon,9833,0.104647615
E02000196,Croydon 003,Croydon,8087,0.100160752
E02000197,Croydon 004,Croydon,9593,0.091837798
E02000198,Croydon 005,Croydon,8746,0.065401326
E02000199,Croydon 006,Croydon,8414,0.067149988
E02000200,Croydon 007,Croydon,8847,0.084548434
E02000201,Croydon 008,Croydon,9256,0.054991357
E02000202,Croydon 009,Croydon,8486,0.096040537
E02000203,Croydon 010,Croydon,7937,0.079123094
E02000204,Croydon 011,Croydon,9620,0.086278586
E02000206,Croydon 013,Croydon,10206,0.072702332
E02000207,Croydon 014,Croydon,9156,0.061489734
E02000208,Croydon 015,Croydon,10902,0.052283985
E02000209,Croydon 016,Croydon,8833,0.055247368
E02000210,Croydon 017,Croydon,8512,0.066611842
E02000211,Croydon 018,Croydon,8094,0.160118606
E02000212,Croydon 019,Croydon,9306,0.04921556
E02000213,Croydon 020,Croydon,11127,0.044306642
E02000214,Croydon 021,Croydon,6245,0.12570056
E02000215,Croydon 022,Croydon,11321,0.078968289
E02000216,Croydon 023,Croydon,6941,0.153868319
E02000217,Croydon 024,Croydon,12202,0.046058023
E02000218,Croydon 025,Croydon,6782,0.099528163
E02000219,Croydon 026,Croydon,7535,0.20066357
E02000220,Croydon 027,Croydon,12744,0.061283741
E02000221,Croydon 028,Croydon,10834,0.086025475
E02000222,Croydon 029,Croydon,8323,0.088309504
E02000223,Croydon 030,Croydon,8635,0.067863347
E02000224,Croydon 031,Croydon,8016,0.07759481
E02000225,Croydon 032,Croydon,7609,0.095676173
E02000226,Croydon 033,Croydon,7519,0.164649554
E02000227,Croydon 034,Croydon,11492,0.127131918
E02000228,Croydon 035,Croydon,7770,0.182368082
E02000229,Croydon 036,Croydon,6791,0.096745693
E02000230,Croydon 037,Croydon,10536,0.12746773
E02000231,Croydon 038,Croydon,7628,0.155610907
E02000232,Croydon 039,Croydon,6299,0.163200508
E02000233,Croydon 040,Croydon,6525,0.109425287
E02000234,Croydon 041,Croydon,8753,0.116988461
E02000235,Croydon 042,Croydon,7096,0.130777903
E02000236,Croydon 043,Croydon,8014,0.115672573
E02000237,Croydon 044,Croydon,7685,0.179700716
E02000238,Ealing 001,Ealing,9416,0.083050127
E02000239,Ealing 002,Ealing,8823,0.10993993
E02000240,Ealing 003,Ealing,10153,0.080961292
E02000241,Ealing 004,Ealing,6690,0.091330344
E02000242,Ealing 005,Ealing,6862,0.082628971
E02000243,Ealing 006,Ealing,8467,0.10062596
E02000244,Ealing 007,Ealing,7495,0.092461641
E02000245,Ealing 008,Ealing,8441,0.069186115
E02000246,Ealing 009,Ealing,8678,0.078589537
E02000247,Ealing 010,Ealing,10505,0.093479296
E02000248,Ealing 011,Ealing,7676,0.083637311
E02000249,Ealing 012,Ealing,7475,0.115585284
E02000250,Ealing 013,Ealing,6300,0.126190476
E02000251,Ealing 014,Ealing,7475,0.09993311
E02000252,Ealing 015,Ealing,11431,0.0545884
E02000253,Ealing 016,Ealing,9313,0.106732524
E02000254,Ealing 017,Ealing,8402,0.09926208
E02000255,Ealing 018,Ealing,9285,0.11265482
E02000256,Ealing 019,Ealing,8675,0.091412104
E02000257,Ealing 020,Ealing,14438,0.092325807
E02000258,Ealing 021,Ealing,6971,0.079185196
E02000259,Ealing 022,Ealing,6053,0.09053362
E02000260,Ealing 023,Ealing,9334,0.101992715
E02000261,Ealing 024,Ealing,11833,0.071917519
E02000262,Ealing 025,Ealing,8910,0.07620651
E02000263,Ealing 026,Ealing,11887,0.089341297
E02000264,Ealing 027,Ealing,8433,0.101743152
E02000265,Ealing 028,Ealing,10676,0.080835519
E02000266,Ealing 029,Ealing,11456,0.076990223
E02000267,Ealing 030,Ealing,7305,0.075427789
E02000268,Ealing 031,Ealing,8944,0.09950805
E02000269,Ealing 032,Ealing,8021,0.087270914
E02000270,Ealing 033,Ealing,7778,0.075083569
E02000271,Ealing 034,Ealing,6895,0.089485134
E02000272,Ealing 035,Ealing,6470,0.121020093
E02000274,Ealing 037,Ealing,14155,0.061603674
E02000275,Ealing 038,Ealing,7472,0.109207709
E02000276,Ealing 039,Ealing,6532,0.077464789
E02000277,Enfield 001,Enfield,7652,0.08925771
E02000278,Enfield 002,Enfield,9837,0.083053777
E02000279,Enfield 003,Enfield,13053,0.047268827
E02000280,Enfield 004,Enfield,8532,0.121425223
E02000281,Enfield 005,Enfield,9311,0.089249275
E02000282,Enfield 006,Enfield,10054,0.061269147
E02000283,Enfield 007,Enfield,8840,0.077714932
E02000284,Enfield 008,Enfield,8654,0.108851398
E02000285,Enfield 009,Enfield,6435,0.136441336
E02000286,Enfield 010,Enfield,8517,0.16238112
E02000287,Enfield 011,Enfield,7156,0.159306875
E02000288,Enfield 012,Enfield,11338,0.073822544
E02000289,Enfield 013,Enfield,6597,0.173108989
E02000290,Enfield 014,Enfield,6949,0.061159879
E02000291,Enfield 015,Enfield,10253,0.108163464
E02000292,Enfield 016,Enfield,9832,0.088588283
E02000293,Enfield 017,Enfield,6472,0.159765142
E02000294,Enfield 018,Enfield,9425,0.089549072
E02000295,Enfield 019,Enfield,9043,0.123631538
E02000296,Enfield 020,Enfield,10450,0.11291866
E02000297,Enfield 021,Enfield,9620,0.144282744
E02000298,Enfield 022,Enfield,8063,0.132952995
E02000299,Enfield 023,Enfield,10052,0.06914047
E02000300,Enfield 024,Enfield,9036,0.072598495
E02000301,Enfield 025,Enfield,11026,0.067295483
E02000302,Enfield 026,Enfield,8608,0.106877323
E02000303,Enfield 027,Enfield,9154,0.070351759
E02000304,Enfield 028,Enfield,8211,0.139447083
E02000305,Enfield 029,Enfield,8943,0.093480935
E02000306,Enfield 030,Enfield,9208,0.06961338
E02000307,Enfield 031,Enfield,10153,0.084901014
E02000308,Enfield 032,Enfield,8397,0.091580326
E02000309,Enfield 033,Enfield,12354,0.051805083
E02000311,Enfield 035,Enfield,10819,0.088732785
E02000312,Enfield 036,Enfield,11607,0.083311795
E02000313,Greenwich 001,Greenwich,7539,0.046557899
E02000314,Greenwich 002,Greenwich,16097,0.022799279
E02000315,Greenwich 003,Greenwich,9699,0.067017218
E02000316,Greenwich 004,Greenwich,14525,0.03373494
E02000317,Greenwich 005,Greenwich,8590,0.053084983
E02000318,Greenwich 006,Greenwich,10486,0.073335876
E02000319,Greenwich 007,Greenwich,11881,0.044861544
E02000320,Greenwich 008,Greenwich,7308,0.059250137
E02000321,Greenwich 009,Greenwich,7719,0.060370514
E02000323,Greenwich 011,Greenwich,11327,0.051469939
E02000324,Greenwich 012,Greenwich,7997,0.081405527
E02000326,Greenwich 014,Greenwich,7454,0.068553797
E02000327,Greenwich 015,Greenwich,7147,0.036099063
E02000328,Greenwich 016,Greenwich,6844,0.111776739
E02000329,Greenwich 017,Greenwich,6314,0.097402597
E02000331,Greenwich 019,Greenwich,8237,0.078183805
E02000332,Greenwich 020,Greenwich,7730,0.092496766
E02000333,Greenwich 021,Greenwich,6551,0.125629675
E02000334,Greenwich 022,Greenwich,6613,0.093452291
E02000335,Greenwich 023,Greenwich,6872,0.120925495
E02000337,Greenwich 025,Greenwich,8327,0.097754293
E02000339,Greenwich 027,Greenwich,6320,0.133544304
E02000340,Greenwich 028,Greenwich,6521,0.156111026
E02000341,Greenwich 029,Greenwich,8176,0.088918787
E02000342,Greenwich 030,Greenwich,6214,0.088187963
E02000343,Greenwich 031,Greenwich,6905,0.115423606
E02000344,Greenwich 032,Greenwich,6553,0.129864184
E02000345,Hackney 001,Hackney,9694,0.049721477
E02000346,Hackney 002,Hackney,7857,0.056382843
E02000347,Hackney 003,Hackney,8837,0.05714609
E02000348,Hackney 004,Hackney,9047,0.044213551
E02000350,Hackney 006,Hackney,10029,0.041180576
E02000351,Hackney 007,Hackney,9676,0.044956594
E02000352,Hackney 008,Hackney,7290,0.068038409
E02000353,Hackney 009,Hackney,8196,0.062347487
E02000354,Hackney 010,Hackney,10710,0.056676004
E02000355,Hackney 011,Hackney,9283,0.064634278
E02000356,Hackney 012,Hackney,7441,0.049186937
E02000357,Hackney 013,Hackney,6664,0.076230492
E02000358,Hackney 014,Hackney,11894,0.053640491
E02000359,Hackney 015,Hackney,6750,0.060296296
E02000360,Hackney 016,Hackney,12074,0.053586218
E02000361,Hackney 017,Hackney,8966,0.041155476
E02000362,Hackney 018,Hackney,7434,0.048022599
E02000363,Hackney 019,Hackney,12071,0.053019634
E02000364,Hackney 020,Hackney,10317,0.066686052
E02000365,Hackney 021,Hackney,15445,0.052508903
E02000366,Hackney 022,Hackney,9293,0.066716884
E02000367,Hackney 023,Hackney,11594,0.030188028
E02000368,Hackney 024,Hackney,10632,0.058126411
E02000369,Hackney 025,Hackney,14403,0.043879747
E02000370,Hackney 026,Hackney,9966,0.039233394
E02000371,Hackney 027,Hackney,16174,0.029491777
E02000372,Hammersmith and Fulham 001,Hammersmith and Fulham,9878,0.063271917
E02000373,Hammersmith and Fulham 002,Hammersmith and Fulham,6740,0.062017804
E02000374,Hammersmith and Fulham 003,Hammersmith and Fulham,6814,0.074552392
E02000375,Hammersmith and Fulham 004,Hammersmith and Fulham,6998,0.065304373
E02000376,Hammersmith and Fulham 005,Hammersmith and Fulham,6907,0.060373534
E02000377,Hammersmith and Fulham 006,Hammersmith and Fulham,8243,0.069270897
E02000378,Hammersmith and Fulham 007,Hammersmith and Fulham,6531,0.067983463
E02000379,Hammersmith and Fulham 008,Hammersmith and Fulham,7850,0.098343949
E02000380,Hammersmith and Fulham 009,Hammersmith and Fulham,5847,0.079870019
E02000381,Hammersmith and Fulham 010,Hammersmith and Fulham,7967,0.0650182
E02000382,Hammersmith and Fulham 011,Hammersmith and Fulham,5917,0.06962988
E02000383,Hammersmith and Fulham 012,Hammersmith and Fulham,8952,0.096961573
E02000384,Hammersmith and Fulham 013,Hammersmith and Fulham,7345,0.097072839
E02000385,Hammersmith and Fulham 014,Hammersmith and Fulham,6024,0.050464807
E02000386,Hammersmith and Fulham 015,Hammersmith and Fulham,8100,0.065185185
E02000387,Hammersmith and Fulham 016,Hammersmith and Fulham,6020,0.073754153
E02000388,Hammersmith and Fulham 017,Hammersmith and Fulham,8697,0.083017132
E02000389,Hammersmith and Fulham 018,Hammersmith and Fulham,8405,0.09518144
E02000390,Hammersmith and Fulham 019,Hammersmith and Fulham,6386,0.06764798
E02000391,Hammersmith and Fulham 020,Hammersmith and Fulham,7986,0.081016779
E02000392,Hammersmith and Fulham 021,Hammersmith and Fulham,9508,0.062578881
E02000393,Hammersmith and Fulham 022,Hammersmith and Fulham,5897,0.073596744
E02000394,Hammersmith and Fulham 023,Hammersmith and Fulham,9177,0.066252588
E02000395,Hammersmith and Fulham 024,Hammersmith and Fulham,6180,0.111003236
E02000396,Hammersmith and Fulham 025,Hammersmith and Fulham,7057,0.075244438
E02000397,Haringey 001,Haringey,8579,0.061662198
E02000398,Haringey 002,Haringey,7892,0.053598581
E02000400,Haringey 004,Haringey,8161,0.078789364
E02000401,Haringey 005,Haringey,6721,0.064424937
E02000402,Haringey 006,Haringey,6775,0.06302583
E02000403,Haringey 007,Haringey,8207,0.055927866
E02000404,Haringey 008,Haringey,7868,0.071301474
E02000405,Haringey 009,Haringey,6496,0.081896552
E02000406,Haringey 010,Haringey,7222,0.060371088
E02000407,Haringey 011,Haringey,7687,0.06569533
E02000408,Haringey 012,Haringey,8457,0.058176658
E02000409,Haringey 013,Haringey,6414,0.070782663
E02000410,Haringey 014,Haringey,6708,0.081991652
E02000411,Haringey 015,Haringey,10690,0.047801684
E02000412,Haringey 016,Haringey,7843,0.064261125
E02000413,Haringey 017,Haringey,7631,0.09330363
E02000414,Haringey 018,Haringey,7133,0.060563578
E02000415,Haringey 019,Haringey,7234,0.075062206
E02000416,Haringey 020,Haringey,8024,0.066425723
E02000417,Haringey 021,Haringey,6573,0.114711699
E02000418,Haringey 022,Haringey,5427,0.108162889
E02000419,Haringey 023,Haringey,8956,0.057056722
E02000420,Haringey 024,Haringey,8243,0.064296979
E02000421,Haringey 025,Haringey,8273,0.060800193
E02000422,Haringey 026,Haringey,8461,0.064767758
E02000423,Haringey 027,Haringey,7434,0.057573312
E02000424,Haringey 028,Haringey,6881,0.05914838
E02000425,Haringey 029,Haringey,7867,0.046014999
E02000426,Haringey 030,Haringey,6156,0.140350877
E02000427,Haringey 031,Haringey,6971,0.050494907
E02000428,Haringey 032,Haringey,8197,0.055508113
E02000429,Haringey 033,Haringey,7056,0.094529478
E02000430,Haringey 034,Haringey,7221,0.063564603
E02000431,Haringey 035,Haringey,6223,0.090470834
E02000432,Haringey 036,Haringey,6340,0.05977918
E02000433,Harrow 001,Harrow,8262,0.22258533
E02000434,Harrow 002,Harrow,9619,0.127144194
E02000435,Harrow 003,Harrow,7839,0.147467789
E02000436,Harrow 004,Harrow,5567,0.197592959
E02000437,Harrow 005,Harrow,8564,0.140004671
E02000438,Harrow 006,Harrow,7852,0.146841569
E02000439,Harrow 007,Harrow,9069,0.092954019
E02000440,Harrow 008,Harrow,9561,0.108984416
E02000441,Harrow 009,Harrow,7122,0.144903117
E02000442,Harrow 010,Harrow,9098,0.072983073
E02000443,Harrow 011,Harrow,10261,0.082448104
E02000444,Harrow 012,Harrow,8869,0.101589807
E02000445,Harrow 013,Harrow,11116,0.085912199
E02000447,Harrow 015,Harrow,7161,0.119257087
E02000448,Harrow 016,Harrow,7026,0.151295189
E02000449,Harrow 017,Harrow,8300,0.096385542
E02000451,Harrow 019,Harrow,6653,0.133022697
E02000452,Harrow 020,Harrow,8582,0.067932883
E02000453,Harrow 021,Harrow,8213,0.084621941
E02000454,Harrow 022,Harrow,7090,0.142595205
E02000455,Harrow 023,Harrow,9511,0.089475344
E02000456,Harrow 024,Harrow,7285,0.099245024
E02000457,Harrow 025,Harrow,6616,0.135126965
E02000459,Harrow 027,Harrow,9232,0.082863951
E02000460,Harrow 028,Harrow,6797,0.071796381
E02000461,Harrow 029,Harrow,7480,0.081684492
E02000462,Harrow 030,Harrow,6803,0.101131854
E02000463,Harrow 031,Harrow,8342,0.080196596
E02000464,Havering 001,Havering,7703,0.116707776
E02000465,Havering 002,Havering,9346,0.074363364
E02000466,Havering 003,Havering,8900,0.123483146
E02000467,Havering 004,Havering,11227,0.070455153
E02000468,Havering 005,Havering,8334,0.132829374
E02000469,Havering 006,Havering,7297,0.11347129
E02000470,Havering 007,Havering,9123,0.146552669
E02000471,Havering 008,Havering,7570,0.189299868
E02000472,Havering 009,Havering,9203,0.140389004
E02000473,Havering 010,Havering,10391,0.132422289
E02000474,Havering 011,Havering,9145,0.122689995
E02000475,Havering 012,Havering,9917,0.160431582
E02000476,Havering 013,Havering,10228,0.094055534
E02000477,Havering 014,Havering,9552,0.141541039
E02000478,Havering 015,Havering,5846,0.207321245
E02000479,Havering 016,Havering,9445,0.083112758
E02000480,Havering 017,Havering,12713,0.085896327
E02000481,Havering 018,Havering,8041,0.194130083
E02000482,Havering 019,Havering,6505,0.187855496
E02000483,Havering 020,Havering,7976,0.165371113
E02000484,Havering 021,Havering,8347,0.136336408
E02000485,Havering 022,Havering,8627,0.136895792
E02000486,Havering 023,Havering,7545,0.167395626
E02000487,Havering 024,Havering,7745,0.191736604
E02000488,Havering 025,Havering,7281,0.160005494
E02000489,Havering 026,Havering,8614,0.126654284
E02000490,Havering 027,Havering,8015,0.156082346
E02000491,Havering 028,Havering,9838,0.10855865
E02000492,Havering 029,Havering,6504,0.170817958
E02000493,Havering 030,Havering,6832,0.093676815
E02000494,Hillingdon 001,Hillingdon,7696,0.17762474
E02000495,Hillingdon 002,Hillingdon,10417,0.142747432
E02000496,Hillingdon 003,Hillingdon,7577,0.143328494
E02000497,Hillingdon 004,Hillingdon,9291,0.131417501
E02000498,Hillingdon 005,Hillingdon,6155,0.150284322
E02000499,Hillingdon 006,Hillingdon,7642,0.166317718
E02000500,Hillingdon 007,Hillingdon,8287,0.163267769
E02000501,Hillingdon 008,Hillingdon,8409,0.134974432
E02000502,Hillingdon 009,Hillingdon,8561,0.1210139
E02000503,Hillingdon 010,Hillingdon,9126,0.09379794
E02000504,Hillingdon 011,Hillingdon,7482,0.161855119
E02000506,Hillingdon 013,Hillingdon,7893,0.159001647
E02000507,Hillingdon 014,Hillingdon,8251,0.094776391
E02000508,Hillingdon 015,Hillingdon,11747,0.062228654
E02000509,Hillingdon 016,Hillingdon,12194,0.048548466
E02000510,Hillingdon 017,Hillingdon,9105,0.115540912
E02000511,Hillingdon 018,Hillingdon,9976,0.10064154
E02000512,Hillingdon 019,Hillingdon,8830,0.088448471
E02000513,Hillingdon 020,Hillingdon,10049,0.057916211
E02000514,Hillingdon 021,Hillingdon,10717,0.074554446
E02000515,Hillingdon 022,Hillingdon,12105,0.06716233
E02000516,Hillingdon 023,Hillingdon,9192,0.058746736
E02000517,Hillingdon 024,Hillingdon,10128,0.064869668
E02000518,Hillingdon 025,Hillingdon,8884,0.085547051
E02000519,Hillingdon 026,Hillingdon,9245,0.083396431
E02000520,Hillingdon 027,Hillingdon,13804,0.06563315
E02000521,Hillingdon 028,Hillingdon,13146,0.05484558
E02000522,Hillingdon 029,Hillingdon,9624,0.084060682
E02000523,Hillingdon 030,Hillingdon,11649,0.060863593
E02000524,Hillingdon 031,Hillingdon,8116,0.078610153
E02000525,Hillingdon 032,Hillingdon,10269,0.064076346
E02000526,Hounslow 001,Hounslow,8513,0.094208857
E02000528,Hounslow 003,Hounslow,12382,0.074220643
E02000529,Hounslow 004,Hounslow,8957,0.08194708
E02000530,Hounslow 005,Hounslow,7321,0.068979648
E02000531,Hounslow 006,Hounslow,10478,0.085798817
E02000532,Hounslow 007,Hounslow,9011,0.109310842
E02000533,Hounslow 008,Hounslow,8438,0.098601564
E02000534,Hounslow 009,Hounslow,8045,0.092604102
E02000535,Hounslow 010,Hounslow,9282,0.093622064
E02000536,Hounslow 011,Hounslow,9330,0.087888532
E02000537,Hounslow 012,Hounslow,8974,0.09895253
E02000538,Hounslow 013,Hounslow,9627,0.07468578
E02000539,Hounslow 014,Hounslow,10964,0.071780372
E02000540,Hounslow 015,Hounslow,11017,0.081601162
E02000541,Hounslow 016,Hounslow,9664,0.079884106
E02000542,Hounslow 017,Hounslow,11636,0.079752492
E02000543,Hounslow 018,Hounslow,13649,0.056194593
E02000544,Hounslow 019,Hounslow,8172,0.102912384
E02000545,Hounslow 020,Hounslow,8709,0.08646228
E02000546,Hounslow 021,Hounslow,9727,0.06785237
E02000547,Hounslow 022,Hounslow,9965,0.092925238
E02000548,Hounslow 023,Hounslow,10011,0.079612426
E02000549,Hounslow 024,Hounslow,11536,0.092926491
E02000550,Hounslow 025,Hounslow,11066,0.056027472
E02000551,Hounslow 026,Hounslow,9113,0.07242401
E02000552,Hounslow 027,Hounslow,9142,0.058192956
E02000553,Hounslow 028,Hounslow,7212,0.094425957
E02000554,Islington 001,Islington,10022,0.060367192
E02000555,Islington 002,Islington,9917,0.072400928
E02000556,Islington 003,Islington,11405,0.058044717
E02000557,Islington 004,Islington,8876,0.085060838
E02000558,Islington 005,Islington,10194,0.063076319
E02000559,Islington 006,Islington,10524,0.050741163
E02000560,Islington 007,Islington,9011,0.054710909
E02000561,Islington 008,Islington,8559,0.069751139
E02000562,Islington 009,Islington,8839,0.075008485
E02000563,Islington 010,Islington,8617,0.066148311
E02000564,Islington 011,Islington,13803,0.039701514
E02000565,Islington 012,Islington,9054,0.051689861
E02000566,Islington 013,Islington,9383,0.065757221
E02000567,Islington 014,Islington,11528,0.060114504
E02000568,Islington 015,Islington,12909,0.055310249
E02000569,Islington 016,Islington,11123,0.078575924
E02000570,Islington 017,Islington,9957,0.062167319
E02000571,Islington 018,Islington,9191,0.071918181
E02000572,Islington 019,Islington,9267,0.067875256
E02000573,Islington 020,Islington,10399,0.068948937
E02000574,Islington 021,Islington,9588,0.059136421
E02000575,Islington 022,Islington,15138,0.039635355
E02000576,Islington 023,Islington,11838,0.056259503
E02000577,Kensington and Chelsea 001,Kensington and Chelsea,6753,0.09832667
E02000578,Kensington and Chelsea 002,Kensington and Chelsea,5849,0.116772098
E02000579,Kensington and Chelsea 003,Kensington and Chelsea,8145,0.09490485
E02000580,Kensington and Chelsea 004,Kensington and Chelsea,8002,0.091477131
E02000581,Kensington and Chelsea 005,Kensington and Chelsea,6622,0.139383872
E02000582,Kensington and Chelsea 006,Kensington and Chelsea,7267,0.11627907
E02000583,Kensington and Chelsea 007,Kensington and Chelsea,6956,0.109401955
E02000584,Kensington and Chelsea 008,Kensington and Chelsea,8043,0.11513117
E02000585,Kensington and Chelsea 009,Kensington and Chelsea,8024,0.118145563
E02000586,Kensington and Chelsea 010,Kensington and Chelsea,7663,0.085475662
E02000587,Kensington and Chelsea 011,Kensington and Chelsea,7434,0.119854722
E02000588,Kensington and Chelsea 012,Kensington and Chelsea,7856,0.125381874
E02000589,Kensington and Chelsea 013,Kensington and Chelsea,8684,0.075080608
E02000590,Kensington and Chelsea 014,Kensington and Chelsea,6861,0.139338289
E02000591,Kensington and Chelsea 015,Kensington and Chelsea,6823,0.085006595
E02000592,Kensington and Chelsea 016,Kensington and Chelsea,6907,0.105255538
E02000593,Kensington and Chelsea 017,Kensington and Chelsea,8088,0.086918892
E02000594,Kensington and Chelsea 018,Kensington and Chelsea,7780,0.176606684
E02000595,Kensington and Chelsea 019,Kensington and Chelsea,7507,0.131610497
E02000596,Kensington and Chelsea 020,Kensington and Chelsea,7700,0.094675325
E02000597,Kensington and Chelsea 021,Kensington and Chelsea,7233,0.117516936
E02000598,Kingston upon Thames 001,Kingston upon Thames,8196,0.106637384
E02000599,Kingston upon Thames 002,Kingston upon Thames,8452,0.133577851
E02000600,Kingston upon Thames 003,Kingston upon Thames,9553,0.086988381
E02000601,Kingston upon Thames 004,Kingston upon Thames,13059,0.059805498
E02000602,Kingston upon Thames 005,Kingston upon Thames,11592,0.058833678
E02000603,Kingston upon Thames 006,Kingston upon Thames,8817,0.075649314
E02000604,Kingston upon Thames 007,Kingston upon Thames,9329,0.090792153
E02000605,Kingston upon Thames 008,Kingston upon Thames,8338,0.120532502
E02000606,Kingston upon Thames 009,Kingston upon Thames,11179,0.075767063
E02000607,Kingston upon Thames 010,Kingston upon Thames,8004,0.073338331
E02000608,Kingston upon Thames 011,Kingston upon Thames,7572,0.07078711
E02000609,Kingston upon Thames 012,Kingston upon Thames,7692,0.137675507
E02000610,Kingston upon Thames 013,Kingston upon Thames,8091,0.10147077
E02000611,Kingston upon Thames 014,Kingston upon Thames,7360,0.149320652
E02000612,Kingston upon Thames 015,Kingston upon Thames,8182,0.155707651
E02000613,Kingston upon Thames 016,Kingston upon Thames,8328,0.105907781
E02000614,Kingston upon Thames 017,Kingston upon Thames,9075,0.081322314
E02000615,Kingston upon Thames 018,Kingston upon Thames,7718,0.125680228
E02000616,Kingston upon Thames 019,Kingston upon Thames,6003,0.114609362
E02000617,Kingston upon Thames 020,Kingston upon Thames,8930,0.104927212
E02000619,Lambeth 002,Lambeth,9094,0.0732351
E02000620,Lambeth 003,Lambeth,10516,0.059718524
E02000621,Lambeth 004,Lambeth,11724,0.05313886
E02000622,Lambeth 005,Lambeth,8969,0.048946371
E02000623,Lambeth 006,Lambeth,8115,0.070979667
E02000624,Lambeth 007,Lambeth,8913,0.050375855
E02000625,Lambeth 008,Lambeth,8385,0.050327967
E02000626,Lambeth 009,Lambeth,8437,0.043854451
E02000627,Lambeth 010,Lambeth,9997,0.056016805
E02000628,Lambeth 011,Lambeth,9764,0.061757476
E02000629,Lambeth 012,Lambeth,9265,0.043820831
E02000630,Lambeth 013,Lambeth,8063,0.05196577
E02000631,Lambeth 014,Lambeth,9431,0.06308981
E02000632,Lambeth 015,Lambeth,9380,0.03880597
E02000633,Lambeth 016,Lambeth,9169,0.047660595
E02000634,Lambeth 017,Lambeth,6880,0.06497093
E02000635,Lambeth 018,Lambeth,9228,0.045405288
E02000636,Lambeth 019,Lambeth,8228,0.052139037
E02000637,Lambeth 020,Lambeth,9045,0.05196241
E02000638,Lambeth 021,Lambeth,10838,0.051762318
E02000639,Lambeth 022,Lambeth,8255,0.042156269
E02000640,Lambeth 023,Lambeth,9853,0.060692175
E02000641,Lambeth 024,Lambeth,8745,0.050200114
E02000642,Lambeth 025,Lambeth,9856,0.069602273
E02000643,Lambeth 026,Lambeth,9561,0.055538124
E02000644,Lambeth 027,Lambeth,9058,0.052439832
E02000645,Lambeth 028,Lambeth,9773,0.053514786
E02000646,Lambeth 029,Lambeth,10411,0.064739218
E02000647,Lambeth 030,Lambeth,9293,0.088346067
E02000648,Lambeth 031,Lambeth,8397,0.067524116
E02000649,Lambeth 032,Lambeth,13570,0.046573324
E02000650,Lambeth 033,Lambeth,7795,0.053624118
E02000651,Lambeth 034,Lambeth,9114,0.076475752
E02000652,Lambeth 035,Lambeth,7808,0.085809426
E02000653,Lewisham 001,Lewisham,11373,0.036050295
E02000654,Lewisham 002,Lewisham,8664,0.044090489
E02000655,Lewisham 003,Lewisham,9350,0.045454545
E02000657,Lewisham 005,Lewisham,9764,0.044858664
E02000658,Lewisham 006,Lewisham,8874,0.057358576
E02000659,Lewisham 007,Lewisham,7987,0.066983849
E02000660,Lewisham 008,Lewisham,8528,0.045262664
E02000661,Lewisham 009,Lewisham,6811,0.100866246
E02000662,Lewisham 010,Lewisham,8814,0.043453597
E02000663,Lewisham 011,Lewisham,7406,0.062381853
E02000664,Lewisham 012,Lewisham,14317,0.047984913
E02000665,Lewisham 013,Lewisham,8734,0.071788413
E02000666,Lewisham 014,Lewisham,7365,0.076306857
E02000667,Lewisham 015,Lewisham,7012,0.0653166
E02000668,Lewisham 016,Lewisham,7489,0.082788089
E02000669,Lewisham 017,Lewisham,8180,0.059290954
E02000670,Lewisham 018,Lewisham,6645,0.059593679
E02000671,Lewisham 019,Lewisham,8738,0.063744564
E02000672,Lewisham 020,Lewisham,9963,0.058315768
E02000673,Lewisham 021,Lewisham,8697,0.06335518
E02000674,Lewisham 022,Lewisham,8666,0.076852066
E02000675,Lewisham 023,Lewisham,8976,0.084670232
E02000676,Lewisham 024,Lewisham,8309,0.070646287
E02000677,Lewisham 025,Lewisham,7508,0.086840703
E02000678,Lewisham 026,Lewisham,6851,0.074149759
E02000679,Lewisham 027,Lewisham,8360,0.069856459
E02000680,Lewisham 028,Lewisham,7689,0.065288074
E02000681,Lewisham 029,Lewisham,8738,0.08331426
E02000682,Lewisham 030,Lewisham,9001,0.080991001
E02000683,Lewisham 031,Lewisham,6486,0.089423373
E02000685,Lewisham 033,Lewisham,8443,0.080540092
E02000686,Lewisham 034,Lewisham,7445,0.062726662
E02000687,Lewisham 035,Lewisham,8454,0.084220487
E02000689,Merton 001,Merton,8316,0.05952381
E02000690,Merton 002,Merton,5565,0.185085355
E02000691,Merton 003,Merton,7502,0.07171421
E02000692,Merton 004,Merton,7828,0.126980072
E02000693,Merton 005,Merton,9384,0.058290708
E02000694,Merton 006,Merton,9134,0.060324064
E02000695,Merton 007,Merton,8388,0.091678588
E02000696,Merton 008,Merton,7994,0.052664498
E02000697,Merton 009,Merton,8910,0.05342312
E02000698,Merton 010,Merton,7994,0.123092319
E02000699,Merton 011,Merton,8290,0.082750302
E02000700,Merton 012,Merton,8459,0.055325689
E02000701,Merton 013,Merton,8447,0.080501953
E02000702,Merton 014,Merton,8714,0.066444801
E02000703,Merton 015,Merton,7974,0.125407575
E02000704,Merton 016,Merton,8303,0.088763098
E02000705,Merton 017,Merton,8492,0.092439943
E02000706,Merton 018,Merton,9385,0.063505594
E02000707,Merton 019,Merton,7454,0.072310169
E02000708,Merton 020,Merton,8477,0.102276749
E02000709,Merton 021,Merton,7682,0.131866701
E02000710,Merton 022,Merton,8542,0.120814797
E02000711,Merton 023,Merton,8866,0.074667268
E02000712,Merton 024,Merton,8655,0.100404391
E02000713,Merton 025,Merton,7431,0.126093393
E02000714,Newham 001,Newham,8270,0.048730351
E02000715,Newham 002,Newham,7782,0.060267283
E02000716,Newham 003,Newham,7864,0.059384537
E02000717,Newham 004,Newham,8644,0.047778806
E02000718,Newham 005,Newham,7563,0.047732381
E02000719,Newham 006,Newham,8747,0.06402195
E02000720,Newham 007,Newham,7908,0.064618108
E02000721,Newham 008,Newham,9901,0.050802949
E02000722,Newham 009,Newham,8616,0.047005571
E02000723,Newham 010,Newham,11245,0.060738106
E02000724,Newham 011,Newham,10001,0.057694231
E02000725,Newham 012,Newham,10241,0.041792794
E02000726,Newham 013,Newham,24969,0.016900957
E02000727,Newham 014,Newham,8607,0.046125247
E02000728,Newham 015,Newham,8170,0.052876377
E02000729,Newham 016,Newham,7406,0.05779098
E02000730,Newham 017,Newham,9119,0.065577366
E02000731,Newham 018,Newham,10995,0.049931787
E02000732,Newham 019,Newham,8027,0.056060795
E02000733,Newham 020,Newham,10366,0.056627436
E02000734,Newham 021,Newham,7674,0.055381809
E02000735,Newham 022,Newham,8598,0.075017446
E02000736,Newham 023,Newham,9147,0.050945665
E02000737,Newham 024,Newham,10208,0.062989812
E02000738,Newham 025,Newham,9116,0.053422554
E02000739,Newham 026,Newham,7736,0.05196484
E02000740,Newham 027,Newham,7117,0.045665308
E02000741,Newham 028,Newham,8956,0.050245645
E02000742,Newham 029,Newham,8822,0.054522784
E02000743,Newham 030,Newham,10200,0.055196078
E02000744,Newham 031,Newham,9495,0.054555029
E02000745,Newham 032,Newham,8411,0.044584473
E02000746,Newham 033,Newham,8539,0.037006675
E02000747,Newham 034,Newham,13422,0.046341827
E02000748,Newham 035,Newham,6552,0.041208791
E02000749,Newham 036,Newham,8771,0.051191426
E02000750,Newham 037,Newham,14800,0.025540541
E02000751,Redbridge 001,Redbridge,10675,0.167306792
E02000752,Redbridge 002,Redbridge,7624,0.090110178
E02000753,Redbridge 003,Redbridge,6590,0.106525038
E02000754,Redbridge 004,Redbridge,6715,0.094266567
E02000755,Redbridge 005,Redbridge,5577,0.113681191
E02000756,Redbridge 006,Redbridge,13705,0.100328347
E02000757,Redbridge 007,Redbridge,12736,0.097283291
E02000758,Redbridge 008,Redbridge,6232,0.119544288
E02000759,Redbridge 009,Redbridge,13347,0.076871207
E02000760,Redbridge 010,Redbridge,7133,0.113696902
E02000762,Redbridge 012,Redbridge,6626,0.116661636
E02000763,Redbridge 013,Redbridge,7592,0.088777661
E02000764,Redbridge 014,Redbridge,12449,0.128604707
E02000765,Redbridge 015,Redbridge,6860,0.099562682
E02000767,Redbridge 017,Redbridge,8362,0.094833772
E02000768,Redbridge 018,Redbridge,5813,0.12420437
E02000769,Redbridge 019,Redbridge,15826,0.070200935
E02000770,Redbridge 020,Redbridge,8075,0.079504644
E02000772,Redbridge 022,Redbridge,8941,0.056928755
E02000773,Redbridge 023,Redbridge,10080,0.060714286
E02000774,Redbridge 024,Redbridge,7581,0.07518797
E02000776,Redbridge 026,Redbridge,7061,0.062880612
E02000777,Redbridge 027,Redbridge,6104,0.106487549
E02000779,Redbridge 029,Redbridge,8920,0.055269058
E02000780,Redbridge 030,Redbridge,17392,0.05324287
E02000781,Redbridge 031,Redbridge,15098,0.086302822
E02000782,Redbridge 032,Redbridge,10596,0.056342016
E02000783,Redbridge 033,Redbridge,7770,0.053153153
E02000784,Richmond upon Thames 001,Richmond upon Thames,10056,0.129276054
E02000785,Richmond upon Thames 002,Richmond upon Thames,9906,0.131132647
E02000786,Richmond upon Thames 003,Richmond upon Thames,11482,0.097979446
E02000787,Richmond upon Thames 004,Richmond upon Thames,11970,0.089974937
E02000788,Richmond upon Thames 005,Richmond upon Thames,9114,0.101931095
E02000789,Richmond upon Thames 006,Richmond upon Thames,6530,0.11669219
E02000790,Richmond upon Thames 007,Richmond upon Thames,6652,0.076217679
E02000791,Richmond upon Thames 008,Richmond upon Thames,7076,0.110090447
E02000792,Richmond upon Thames 009,Richmond upon Thames,7233,0.126780036
E02000793,Richmond upon Thames 010,Richmond upon Thames,8294,0.117795997
E02000794,Richmond upon Thames 011,Richmond upon Thames,6989,0.101731292
E02000795,Richmond upon Thames 012,Richmond upon Thames,7147,0.143696656
E02000796,Richmond upon Thames 013,Richmond upon Thames,10832,0.116414328
E02000797,Richmond upon Thames 014,Richmond upon Thames,7825,0.079616613
E02000798,Richmond upon Thames 015,Richmond upon Thames,11150,0.093004484
E02000799,Richmond upon Thames 016,Richmond upon Thames,6406,0.102716204
E02000800,Richmond upon Thames 017,Richmond upon Thames,5445,0.115702479
E02000801,Richmond upon Thames 018,Richmond upon Thames,7264,0.093887665
E02000802,Richmond upon Thames 019,Richmond upon Thames,6936,0.130911188
E02000803,Richmond upon Thames 020,Richmond upon Thames,9470,0.127771911
E02000804,Richmond upon Thames 021,Richmond upon Thames,7310,0.11997264
E02000805,Richmond upon Thames 022,Richmond upon Thames,11510,0.105039096
E02000806,Richmond upon Thames 023,Richmond upon Thames,10307,0.133113418
E02000807,Southwark 001,Southwark,9436,0.045358203
E02000808,Southwark 002,Southwark,11200,0.041875
E02000809,Southwark 003,Southwark,14056,0.023975526
E02000810,Southwark 004,Southwark,13415,0.043533358
E02000812,Southwark 006,Southwark,10660,0.059943715
E02000813,Southwark 007,Southwark,10720,0.051119403
E02000814,Southwark 008,Southwark,9865,0.046933604
E02000815,Southwark 009,Southwark,6990,0.036194564
E02000816,Southwark 010,Southwark,10463,0.057822804
E02000817,Southwark 011,Southwark,7272,0.083333333
E02000818,Southwark 012,Southwark,8297,0.06628902
E02000819,Southwark 013,Southwark,8875,0.05115493
E02000820,Southwark 014,Southwark,10334,0.055157732
E02000821,Southwark 015,Southwark,8277,0.05823366
E02000822,Southwark 016,Southwark,7193,0.050187682
E02000823,Southwark 017,Southwark,8918,0.064588473
E02000824,Southwark 018,Southwark,9841,0.062087186
E02000825,Southwark 019,Southwark,9526,0.051438169
E02000826,Southwark 020,Southwark,9222,0.060182173
E02000827,Southwark 021,Southwark,10991,0.054226185
E02000828,Southwark 022,Southwark,8617,0.052338401
E02000829,Southwark 023,Southwark,11704,0.05562201
E02000830,Southwark 024,Southwark,9413,0.060235844
E02000831,Southwark 025,Southwark,10019,0.059886216
E02000832,Southwark 026,Southwark,10797,0.075298694
E02000833,Southwark 027,Southwark,8874,0.053189092
E02000834,Southwark 028,Southwark,9974,0.067876479
E02000835,Southwark 029,Southwark,7872,0.060848577
E02000836,Southwark 030,Southwark,8635,0.063231036
E02000837,Southwark 031,Southwark,9610,0.089073881
E02000838,Southwark 032,Southwark,9688,0.068228737
E02000839,Southwark 033,Southwark,8460,0.088534279
E02000840,Sutton 001,Sutton,8618,0.071362265
E02000841,Sutton 002,Sutton,9292,0.073826948
E02000842,Sutton 003,Sutton,7937,0.113896938
E02000843,Sutton 004,Sutton,8264,0.074298161
E02000844,Sutton 005,Sutton,8373,0.085393527
E02000845,Sutton 006,Sutton,9928,0.080983078
E02000846,Sutton 007,Sutton,7433,0.132113548
E02000847,Sutton 008,Sutton,9455,0.158434691
E02000848,Sutton 009,Sutton,8042,0.112409848
E02000849,Sutton 010,Sutton,7960,0.108668342
E02000850,Sutton 011,Sutton,10903,0.102632303
E02000851,Sutton 012,Sutton,9927,0.096303012
E02000852,Sutton 013,Sutton,7996,0.094547274
E02000853,Sutton 014,Sutton,8115,0.094269871
E02000854,Sutton 015,Sutton,7563,0.110934814
E02000855,Sutton 016,Sutton,8014,0.144996257
E02000856,Sutton 017,Sutton,9186,0.10711953
E02000857,Sutton 018,Sutton,8712,0.120293848
E02000858,Sutton 019,Sutton,8479,0.080787829
E02000859,Sutton 020,Sutton,8700,0.157471264
E02000860,Sutton 021,Sutton,8519,0.098133584
E02000861,Sutton 022,Sutton,7795,0.153046825
E02000863,Sutton 024,Sutton,6847,0.131152329
E02000864,Tower Hamlets 001,Tower Hamlets,10304,0.057841615
E02000865,Tower Hamlets 002,Tower Hamlets,8402,0.053439657
E02000866,Tower Hamlets 003,Tower Hamlets,10844,0.055791221
E02000867,Tower Hamlets 004,Tower Hamlets,12692,0.03364324
E02000868,Tower Hamlets 005,Tower Hamlets,7373,0.04353723
E02000869,Tower Hamlets 006,Tower Hamlets,6589,0.060251935
E02000870,Tower Hamlets 007,Tower Hamlets,6924,0.052715194
E02000871,Tower Hamlets 008,Tower Hamlets,11424,0.040178571
E02000872,Tower Hamlets 009,Tower Hamlets,9069,0.035615834
E02000873,Tower Hamlets 010,Tower Hamlets,10790,0.040778499
E02000874,Tower Hamlets 011,Tower Hamlets,8035,0.037336652
E02000875,Tower Hamlets 012,Tower Hamlets,13597,0.030080165
E02000876,Tower Hamlets 013,Tower Hamlets,8136,0.027654867
E02000877,Tower Hamlets 014,Tower Hamlets,12914,0.039801766
E02000878,Tower Hamlets 015,Tower Hamlets,11738,0.043874595
E02000879,Tower Hamlets 016,Tower Hamlets,9258,0.078958738
E02000880,Tower Hamlets 017,Tower Hamlets,6576,0.04379562
E02000881,Tower Hamlets 018,Tower Hamlets,9149,0.040878785
E02000882,Tower Hamlets 019,Tower Hamlets,10474,0.043440901
E02000883,Tower Hamlets 020,Tower Hamlets,8967,0.054198729
E02000884,Tower Hamlets 021,Tower Hamlets,13133,0.03053377
E02000885,Tower Hamlets 022,Tower Hamlets,7738,0.070560868
E02000886,Tower Hamlets 023,Tower Hamlets,9165,0.040480087
E02000887,Tower Hamlets 024,Tower Hamlets,11184,0.036212446
E02000888,Tower Hamlets 025,Tower Hamlets,10207,0.033016557
E02000889,Tower Hamlets 026,Tower Hamlets,8485,0.041249263
E02000890,Tower Hamlets 027,Tower Hamlets,6681,0.059422242
E02000891,Tower Hamlets 028,Tower Hamlets,19374,0.023123774
E02000893,Tower Hamlets 030,Tower Hamlets,8106,0.051813472
E02000894,Tower Hamlets 031,Tower Hamlets,11777,0.033879596
E02000895,Waltham Forest 001,Waltham Forest,8207,0.175947362
E02000896,Waltham Forest 002,Waltham Forest,9091,0.150588494
E02000897,Waltham Forest 003,Waltham Forest,8570,0.134072345
E02000898,Waltham Forest 004,Waltham Forest,7991,0.131397823
E02000899,Waltham Forest 005,Waltham Forest,8692,0.127013346
E02000900,Waltham Forest 006,Waltham Forest,8808,0.098433243
E02000901,Waltham Forest 007,Waltham Forest,10248,0.096604215
E02000902,Waltham Forest 008,Waltham Forest,9725,0.077326478
E02000903,Waltham Forest 009,Waltham Forest,9769,0.060292763
E02000904,Waltham Forest 010,Waltham Forest,8931,0.061919158
E02000905,Waltham Forest 011,Waltham Forest,10284,0.051828082
E02000906,Waltham Forest 012,Waltham Forest,9551,0.056852686
E02000907,Waltham Forest 013,Waltham Forest,11174,0.06273492
E02000908,Waltham Forest 014,Waltham Forest,12541,0.045929352
E02000909,Waltham Forest 015,Waltham Forest,9014,0.069225649
E02000910,Waltham Forest 016,Waltham Forest,10865,0.059272895
E02000911,Waltham Forest 017,Waltham Forest,11728,0.054826057
E02000912,Waltham Forest 018,Waltham Forest,9333,0.080038573
E02000913,Waltham Forest 019,Waltham Forest,9230,0.075514626
E02000914,Waltham Forest 020,Waltham Forest,11337,0.059892388
E02000915,Waltham Forest 021,Waltham Forest,9273,0.056400302
E02000916,Waltham Forest 022,Waltham Forest,9753,0.053111863
E02000917,Waltham Forest 023,Waltham Forest,10416,0.045602919
E02000918,Waltham Forest 024,Waltham Forest,9808,0.053833605
E02000919,Waltham Forest 025,Waltham Forest,9795,0.058907606
E02000920,Waltham Forest 026,Waltham Forest,10327,0.051612278
E02000921,Waltham Forest 027,Waltham Forest,11270,0.054480923
E02000922,Waltham Forest 028,Waltham Forest,10969,0.053696782
E02000923,Wandsworth 001,Wandsworth,8075,0.111455108
E02000924,Wandsworth 002,Wandsworth,13753,0.045517342
E02000925,Wandsworth 003,Wandsworth,7942,0.066607907
E02000926,Wandsworth 004,Wandsworth,10912,0.066348974
E02000927,Wandsworth 005,Wandsworth,7358,0.07678717
E02000928,Wandsworth 006,Wandsworth,8554,0.085690905
E02000929,Wandsworth 007,Wandsworth,7544,0.070917285
E02000930,Wandsworth 008,Wandsworth,10741,0.041709338
E02000931,Wandsworth 009,Wandsworth,9569,0.045354792
E02000932,Wandsworth 010,Wandsworth,11501,0.051560734
E02000933,Wandsworth 011,Wandsworth,9005,0.096612993
E02000934,Wandsworth 012,Wandsworth,9897,0.047489138
E02000935,Wandsworth 013,Wandsworth,7136,0.074831839
E02000936,Wandsworth 014,Wandsworth,9152,0.092329545
E02000937,Wandsworth 015,Wandsworth,8419,0.047274023
E02000938,Wandsworth 016,Wandsworth,11134,0.09448536
E02000939,Wandsworth 017,Wandsworth,8346,0.082314881
E02000940,Wandsworth 018,Wandsworth,8652,0.055016181
E02000941,Wandsworth 019,Wandsworth,10383,0.058364634
E02000942,Wandsworth 020,Wandsworth,9598,0.078558033
E02000943,Wandsworth 021,Wandsworth,8831,0.054920168
E02000944,Wandsworth 022,Wandsworth,7207,0.064798113
E02000945,Wandsworth 023,Wandsworth,8260,0.063317191
E02000946,Wandsworth 024,Wandsworth,8514,0.050622504
E02000947,Wandsworth 025,Wandsworth,9036,0.063413015
E02000948,Wandsworth 026,Wandsworth,9919,0.057868737
E02000949,Wandsworth 027,Wandsworth,10067,0.066653422
E02000950,Wandsworth 028,Wandsworth,7535,0.077239549
E02000951,Wandsworth 029,Wandsworth,6517,0.069050176
E02000952,Wandsworth 030,Wandsworth,6113,0.069033208
E02000953,Wandsworth 031,Wandsworth,7851,0.044070819
E02000954,Wandsworth 032,Wandsworth,6231,0.080725405
E02000955,Wandsworth 033,Wandsworth,6548,0.082162492
E02000956,Wandsworth 034,Wandsworth,8151,0.05520795
E02000957,Wandsworth 035,Wandsworth,11039,0.059153909
E02000958,Wandsworth 036,Wandsworth,8647,0.085347519
E02000959,Wandsworth 037,Wandsworth,8337,0.057214825
E02000960,Westminster 001,Westminster,8316,0.126503127
E02000961,Westminster 002,Westminster,11232,0.085292023
E02000962,Westminster 003,Westminster,10306,0.123714341
E02000963,Westminster 004,Westminster,11063,0.079905993
E02000964,Westminster 005,Westminster,13643,0.065601407
E02000965,Westminster 006,Westminster,9421,0.05031313
E02000966,Westminster 007,Westminster,11236,0.082146671
E02000967,Westminster 008,Westminster,9982,0.079042276
E02000968,Westminster 009,Westminster,15914,0.089292447
E02000969,Westminster 010,Westminster,10828,0.074898412
E02000970,Westminster 011,Westminster,11049,0.089510363
E02000971,Westminster 012,Westminster,9646,0.08532034
E02000972,Westminster 013,Westminster,10782,0.065850492
E02000973,Westminster 014,Westminster,11458,0.076714959
E02000974,Westminster 015,Westminster,9792,0.090175654
E02000975,Westminster 016,Westminster,10385,0.060375542
E02000976,Westminster 017,Westminster,11199,0.073399411
E02000977,Westminster 018,Westminster,7368,0.107084691
E02000978,Westminster 019,Westminster,11343,0.093008904
E02000979,Westminster 020,Westminster,10309,0.090503444
E02000980,Westminster 021,Westminster,10664,0.104744936
E02000981,Westminster 022,Westminster,10309,0.078087108
E02000982,Westminster 023,Westminster,9275,0.100053908
E02000983,Westminster 024,Westminster,9804,0.109547124
E02006782,Bromley 040,Bromley,7961,0.129380731
E02006783,Lewisham 037,Lewisham,7634,0.069295258
E02006784,Lewisham 038,Lewisham,8161,0.100968019
E02006785,Bexley 029,Bexley,6665,0.134583646
E02006786,Greenwich 033,Greenwich,7528,0.072396387
E02006787,Bromley 041,Bromley,8114,0.101059896
E02006788,Croydon 045,Croydon,7686,0.068566224
E02006789,Bromley 042,Bromley,6423,0.199750895
E02006791,Ealing 040,Ealing,6857,0.076418259
E02006792,Hounslow 029,Hounslow,8841,0.108585002
E02006793,Enfield 037,Enfield,10218,0.055000979
E02006794,Haringey 037,Haringey,8603,0.061025224
E02006795,Harrow 032,Harrow,8036,0.096814335
E02006796,Hillingdon 033,Hillingdon,9257,0.104677541
E02006798,Lewisham 039,Lewisham,8104,0.041707799
E02006799,Barking and Dagenham 023,Barking and Dagenham,11072,0.068190029
E02006800,Redbridge 034,Redbridge,14504,0.056811914
E02006801,Lambeth 036,Lambeth,10987,0.052516611
E02006802,Southwark 034,Southwark,8042,0.046505844
E02006836,Sutton 025,Sutton,8467,0.175977324
E02006853,Tower Hamlets 032,Tower Hamlets,10570,0.027057711
E02006854,Tower Hamlets 033,Tower Hamlets,8030,0.019053549
E02006882,Harrow 033,Harrow,14223,0.119595022
E02006918,Hackney 028,Hackney,9308,0.041684572
E02006921,Hackney 029,Hackney,8620,0.048143852
E02006924,Redbridge 035,Redbridge,13693,0.098882641
E02006925,Redbridge 036,Redbridge,14181,0.106903603
E02006927,Greenwich 034,Greenwich,10143,0.115153308
E02006928,Greenwich 035,Greenwich,11828,0.022404464
E02006929,Greenwich 036,Greenwich,12126,0.044862279
E02006930,Greenwich 037,Greenwich,8908,0.052312528
E02006931,Greenwich 038,Greenwich,9707,0.084578139